ligand,pose,affinity_kcal_mol,rmsd_lb,rmsd_ub,crystal_rmsd,docking_score_efficiency,num_heavy_atoms,runtime_s,backend,error
478_redock,1,-8.834,0.000,0.000,3.637,-0.2524,35,62.3,python,
478_redock,2,-8.600,2.606,7.006,4.153,-0.2457,35,62.3,python,
478_redock,3,-8.587,3.049,7.614,0.953,-0.2453,35,62.3,python,
478_redock,4,-8.367,2.483,6.753,2.762,-0.2391,35,62.3,python,
478_redock,5,-8.308,2.897,7.685,1.764,-0.2374,35,62.3,python,
478_redock,6,-8.272,2.236,6.428,2.807,-0.2363,35,62.3,python,
478_redock,7,-8.216,3.135,8.725,3.828,-0.2347,35,62.3,python,
478_redock,8,-8.069,3.251,7.474,2.852,-0.2305,35,62.3,python,
478_redock,9,-8.039,2.458,6.301,3.420,-0.2297,35,62.3,python,
