ligand,pose,affinity_kcal_mol,rmsd_lb,rmsd_ub,crystal_rmsd,docking_score_efficiency,num_heavy_atoms,consensus_rank,runtime_s,backend,error
thp_redock,1,-6.916,0.000,0.000,1.595,-0.2766,25,,0.0,python,
thp_redock,2,-6.852,4.378,7.241,0.995,-0.2741,25,,0.0,python,
thp_redock,3,-6.809,4.550,7.717,1.930,-0.2724,25,,0.0,python,
thp_redock,4,-6.773,1.596,2.087,1.598,-0.2709,25,,0.0,python,
thp_redock,5,-6.679,2.918,5.293,1.554,-0.2672,25,,0.0,python,
thp_redock,6,-6.663,3.112,5.243,1.719,-0.2665,25,,0.0,python,
thp_redock,7,-6.622,2.893,4.821,1.478,-0.2649,25,,0.0,python,
thp_redock,8,-6.496,2.090,3.576,1.933,-0.2598,25,,0.0,python,
thp_redock,9,-6.378,3.279,6.814,1.420,-0.2551,25,,0.0,python,
